[
    {
        "id": "D1",
        "time": 5000,
        "status": 0,
        "order": -1,
        "address": ""
    },
    {
        "id": "D2",
        "time": 15000,
        "status": 0,
        "order": -1,
        "address": ""
    },
    {
        "id": "D3",
        "time": 25000,
        "status": 0,
        "order": -1,
        "address": ""
    },
    {
        "id": "D4",
        "time": 7500,
        "status": 0,
        "order": -1,
        "address": ""
    },
    {
        "id": "D5",
        "time": 5000,
        "status": 0,
        "order": -1,
        "address": ""
    },
    {
        "id": "D6",
        "time": 15000,
        "status": 0,
        "order": -1,
        "addres": ""
    },
    {
        "id": "D7",
        "time": 25000,
        "status": 0,
        "order": -1,
        "addres": ""
    },
    {
        "id": "D8",
        "time": 7500,
        "status": 0,
        "order": -1,
        "addres": ""
    }
]